projectId,task
PROJ21120,Implement continuous monitoring and alerting
PROJ21120,Implement role-based access control system
PROJ21120,Create automated tests for frontend components
PROJ21120,Implement user-driven data access request workflows
PROJ42282,Develop real-time data governance policy compliance assessment and reporting dashboards
PROJ42282,Implement content management system
PROJ42282,Design and implement data encryption at rest
PROJ42282,Build user engagement tracking system
PROJ53767,Design and implement data governance policy compliance assessment and reporting approval workflows
PROJ53767,Create documentation for APIs and data models
PROJ53767,Build automated data validation and correction mechanisms
PROJ53767,Develop CRUD operations for managing data
PROJ34633,Design and implement data governance policy compliance assessment and reporting approval workflows
PROJ34633,Implement continuous monitoring and alerting
PROJ34633,Build anomaly detection and prediction models for data privacy monitoring
PROJ17016,Create user-friendly data governance policy compliance assessment and reporting dashboards
PROJ17016,Optimize application for cross-browser compatibility
PROJ17016,Design and implement data governance policy compliance assessment and reporting platform
PROJ17016,Develop data quality monitoring and reporting capabilities
PROJ91431,Develop user registration and profile management system
PROJ91431,Build data governance framework
PROJ91431,Implement real-time data breach detection and notification systems
PROJ16775,Design and implement data access logging and auditing
PROJ16775,Implement OAuth 2.0 authentication
PROJ16775,Design and implement data encryption at rest
PROJ16775,Create data privacy and compliance policies
PROJ77549,Develop real-time data governance policy compliance assessment and reporting dashboards
PROJ77549,Build automated data validation and reconciliation processes
PROJ77549,Design and implement data encryption in transit mechanisms
PROJ77549,Develop user-centric data privacy compliance reporting and monitoring dashboards
PROJ77549,Develop user-centric data privacy compliance training modules
PROJ51219,Implement user-driven data privacy settings and controls
PROJ51219,Build integration tests for system components
PROJ51219,Design and implement continuous integration workflow
PROJ51219,Design and implement data governance policy compliance assessment and reporting platform
PROJ51219,Design homepage layout
PROJ42482,Implement data provenance tracking for compliance and auditing
PROJ42482,Optimize application for cross-browser compatibility
PROJ42482,Implement multi-factor authentication
PROJ42482,Create user-friendly data governance policy compliance assessment and reporting dashboards
PROJ63023,Build anomaly detection and prediction models for data security monitoring
PROJ63023,Develop natural language processing algorithms
PROJ63023,Implement error handling and logging
PROJ63023,Create data validation rules and constraints
PROJ63023,Optimize application for search engine visibility
PROJ28645,Build anomaly detection and prediction models for data security monitoring
PROJ28645,Design and implement data anonymization and de-identification techniques
PROJ28645,Develop user registration and profile management system
PROJ34843,Analyze user behavior data for insights
PROJ34843,Create data-driven risk assessment and mitigation strategies
PROJ34843,Design and implement data privacy compliance policy exception management approval workflows
PROJ34843,Integrate chatbot functionality into application
PROJ27189,Implement role-based access control system
PROJ27189,Build automated data quality assessment and remediation pipelines
PROJ27189,Design and implement task prioritization system
PROJ27189,Analyze user behavior data for insights
PROJ89311,Build data validation and cleansing toolset
PROJ89311,Implement user-friendly data import and export features
PROJ89311,Develop real-time data breach response and recovery orchestration platforms
PROJ89311,Build real-time data processing system
PROJ89311,Implement session management and expiration
PROJ31428,Build notification system for alerts and updates
PROJ31428,Implement data provenance tracking for compliance and auditing
PROJ31428,Design and implement data masking and obfuscation techniques
PROJ31428,Develop content recommendation system
PROJ45282,Design and implement data access audit trail visualization tools
PROJ45282,Build user-friendly error handling and feedback mechanisms
PROJ45282,Build automated data quality assessment and improvement tools
PROJ45282,Create data-driven anomaly detection algorithms
PROJ45282,Develop user registration and profile management system
PROJ41414,Build automated data validation and correction mechanisms
PROJ41414,Optimize application for low-latency communication
PROJ41414,Integrate chatbot functionality into application
PROJ41414,Create automated data governance policy compliance assessment and reporting dashboards
PROJ14437,Design and implement user onboarding process
PROJ14437,Implement real-time data breach detection and notification systems
PROJ14437,Implement single sign-on functionality
PROJ37616,Design and implement data access logging and auditing
PROJ37616,Design and implement data encryption in transit mechanisms
PROJ37616,Create data-driven data governance policy recommendation engines
PROJ37616,Build automated data quality exception handling workflows
PROJ86780,Design and implement data lineage visualization tools
PROJ86780,Develop user-centric error reporting and resolution workflows
PROJ86780,Build anomaly detection and prediction models for data quality monitoring
PROJ86780,Develop data lineage visualization and exploration tools
PROJ86780,Implement user-friendly data breach response and recovery coordination workflows
PROJ69591,Implement user activity tracking and analytics
PROJ69591,Implement automated data governance policy compliance assessment and reporting pipelines
PROJ69591,Design and implement data transformation pipelines
PROJ80835,Create batch processing system for large datasets
PROJ80835,Develop content recommendation system
PROJ80835,Optimize application for cross-browser compatibility
PROJ45756,Build anomaly detection and prediction models for data security monitoring
PROJ45756,Develop serverless computing solutions
PROJ45756,Build automated data quality assessment and improvement tools
PROJ79873,Build automated data classification and tagging systems
PROJ79873,Design and implement data transformation pipelines
PROJ79873,Design and implement user permission management system
PROJ48317,Build data validation and cleansing toolset
PROJ48317,Develop data privacy compliance reporting and monitoring dashboards
PROJ48317,Develop data lifecycle management workflows
PROJ22878,Build authentication and authorization service
PROJ22878,Create data quality assurance procedures
PROJ22878,Optimize application for scalability and performance
PROJ22878,Implement automated data privacy impact assessment and mitigation workflows
PROJ99350,Develop data privacy compliance reporting and monitoring dashboards
PROJ99350,Develop data privacy impact assessment frameworks
PROJ99350,Develop real-time data governance policy compliance assessment and reporting approval workflows
PROJ76870,Build data visualization dashboard using D3.js
PROJ76870,Build data pipeline for real-time analytics
PROJ76870,Write unit tests for backend services
PROJ76870,Develop real-time data breach response and recovery orchestration platforms
PROJ76870,Implement real-time data security monitoring and alerting
PROJ62354,Implement caching mechanism for improved performance
PROJ62354,Design and implement user onboarding process
PROJ62354,Design and implement data classification system
PROJ62354,Create data lineage and audit trail mechanisms
PROJ62354,Build automated data breach detection and notification workflows
PROJ95270,Implement user authentication
PROJ95270,Build scalable infrastructure using cloud services
PROJ95270,Implement multi-factor authentication
PROJ18973,Design and implement data breach response and recovery procedures
PROJ18973,Refactor legacy codebase for maintainability
PROJ18973,Create user-friendly data breach detection and response dashboards
PROJ98201,Build anomaly detection and prediction models for data governance monitoring
PROJ98201,Design and implement data access logging and auditing
PROJ98201,Develop real-time collaboration features
PROJ98201,Implement real-time data access monitoring and logging
PROJ98201,Develop CRUD operations for managing data
PROJ77840,Design and implement data governance policy enforcement mechanisms
PROJ77840,Build anomaly detection and prediction models for data management monitoring
PROJ77840,Design and implement data masking and obfuscation techniques
PROJ77840,Build anomaly detection and prediction models for data privacy monitoring
PROJ96139,Build data validation and cleansing toolset
PROJ96139,Implement automated data governance policy compliance assessment and reporting pipelines
PROJ96139,Create data privacy and compliance policies
PROJ62053,Implement data backup and disaster recovery measures
PROJ62053,Optimize database queries for performance
PROJ62053,Create data reporting and visualization tools
PROJ90954,Design and implement user feedback collection system
PROJ90954,Implement user activity tracking and analytics
PROJ90954,Automate deployment process using CI/CD pipeline
PROJ90954,Create data-driven risk assessment and mitigation strategies
PROJ57160,Implement user-friendly data import and export features
PROJ57160,Design and implement data cataloging and discovery capabilities
PROJ57160,Implement real-time data security incident response and remediation mechanisms
PROJ57160,Create custom admin dashboard for monitoring
PROJ85723,Develop real-time data governance policy compliance assessment and reporting dashboards
PROJ85723,Design and implement task prioritization system
PROJ85723,Build anomaly detection and prediction models for data governance monitoring
PROJ24647,Optimize application for low-latency communication
PROJ24647,Implement automated data governance policy compliance assessment and reporting pipelines
PROJ24647,Implement automated data governance policy compliance assessment and reporting pipelines
PROJ24647,Create documentation for APIs and data models
PROJ24647,Create automated deployment scripts
PROJ66166,Design and implement data privacy compliance policy exception management approval workflows
PROJ66166,Develop real-time collaboration features
PROJ66166,Analyze user behavior data for insights
PROJ66166,Develop data privacy compliance regulatory compliance and certification frameworks
PROJ66166,Design and implement data access audit trail visualization tools
PROJ14180,Refactor legacy codebase for maintainability
PROJ14180,Implement content management system
PROJ14180,Build automated data quality exception handling workflows
PROJ14180,Design and implement data retention policy management systems
PROJ12276,Design and implement data transformation pipelines
PROJ12276,Develop user-centric data privacy compliance training modules
PROJ12276,Implement data retention and deletion policies
PROJ12276,Develop data lineage visualization and exploration tools
PROJ12276,Create responsive UI for mobile devices
PROJ35558,Create automated deployment scripts
PROJ35558,Develop real-time data governance policy compliance assessment and reporting dashboards
PROJ35558,Design and implement data governance policy compliance assessment and reporting platforms
PROJ35558,Create data-driven anomaly detection algorithms
PROJ84701,Build anomaly detection and prediction models for data governance monitoring
PROJ84701,Develop data governance policies and procedures
PROJ84701,Deploy application to cloud platform
PROJ84701,Develop data privacy impact assessment and mitigation planning tools
PROJ91624,Implement user session management and persistence
PROJ91624,Implement user-friendly data lineage visualization tools
PROJ91624,Integrate payment gateway for e-commerce functionality
PROJ91624,Optimize application for cross-browser compatibility
PROJ18622,Create data lineage and audit trail mechanisms
PROJ18622,Implement data replication and synchronization
PROJ18622,Build integration tests for system components
PROJ18622,Build ETL pipeline for data ingestion
PROJ18622,Build anomaly detection and prediction models for data integrity monitoring
PROJ23374,Develop data lifecycle management workflows
PROJ23374,Develop real-time collaboration features
PROJ23374,Create automated data governance policy compliance assessment and reporting dashboards
PROJ23374,Implement user-friendly data visualization customization options
PROJ23374,Implement caching mechanism for improved performance
PROJ26967,Create user-friendly data governance policy compliance assessment and reporting dashboards
PROJ26967,Develop natural language processing algorithms
PROJ26967,Optimize application for scalability and performance
PROJ50489,Develop serverless computing solutions
PROJ50489,Develop serverless computing solutions
PROJ50489,Refactor legacy codebase for maintainability
PROJ41487,Design and implement data governance policy compliance assessment and reporting approval workflows
PROJ41487,Build data migration tooling for seamless upgrades
PROJ41487,Build anomaly detection and prediction models for data security monitoring
PROJ41487,Develop user-centric data privacy compliance training modules
PROJ52826,Build anomaly detection and prediction models for data quality monitoring
PROJ52826,Design and implement data governance policy compliance assessment and reporting approval workflows
PROJ52826,Develop user-centric data governance dashboards
PROJ52826,Build anomaly detection and prediction models for data privacy monitoring
PROJ31367,Design and implement data retention policy enforcement mechanisms
PROJ31367,Develop user-centric data governance dashboards
PROJ31367,Develop RESTful API endpoints
PROJ31367,Develop data segmentation and targeting algorithms
PROJ31367,Create data privacy and compliance policies
PROJ57464,Build recommendation system based on user preferences
PROJ57464,Optimize application for scalability and performance
PROJ57464,Build authentication and authorization service
PROJ57464,Develop real-time data breach response and recovery orchestration platforms
PROJ57464,Design and implement continuous integration workflow
PROJ70645,Create batch processing system for large datasets
PROJ70645,Create user-friendly data breach detection and response dashboards
PROJ70645,Create automated tests for frontend components
PROJ70645,Design and implement user role management system
PROJ44798,Create user interface animations and transitions
PROJ44798,Develop serverless computing solutions
PROJ44798,Implement automated data governance policy compliance assessment and reporting pipelines
PROJ44798,Build automated data access request approval workflows
PROJ28657,Develop data lifecycle management workflows
PROJ28657,Develop data lifecycle management workflows
PROJ28657,Implement automated data privacy compliance policy exception management workflows
PROJ90324,Create documentation for APIs and data models
PROJ90324,Build ETL pipeline for data ingestion
PROJ90324,Design and implement data governance policy compliance assessment and reporting approval workflows
PROJ90324,Implement data encryption and security measures
PROJ58253,Build anomaly detection and prediction models for data quality monitoring
PROJ58253,Develop real-time data governance policy compliance assessment and reporting dashboards
PROJ58253,Design and implement data masking and obfuscation techniques
PROJ58253,Build anomaly detection and prediction models for data integrity monitoring
PROJ65675,Implement real-time data replication across distributed systems
PROJ65675,Build data breach detection and response systems
PROJ65675,Implement real-time data replication across distributed systems
PROJ30200,Optimize database indexing for query performance
PROJ30200,Design and implement data quality assessment and improvement workflows
PROJ30200,Develop real-time data governance policy compliance assessment and reporting approval workflows
PROJ67052,Develop data lineage visualization and exploration tools
PROJ67052,Develop data cleaning and preprocessing pipelines
PROJ67052,Deploy application to cloud platform
PROJ67052,Develop real-time data governance policy compliance assessment and reporting approval workflows
PROJ67052,Develop user-centric data privacy compliance training modules
PROJ12626,Implement user-friendly data visualization customization options
PROJ12626,Create automated data governance policy compliance assessment and reporting dashboards
PROJ12626,Implement data backup and disaster recovery measures
PROJ12626,Implement user-friendly data lineage visualization tools
PROJ12626,Build real-time data validation and correction pipelines
PROJ93867,Create interactive data visualizations
PROJ93867,Develop data governance policies and procedures
PROJ93867,Build anomaly detection and prediction models for data security monitoring
PROJ93867,Design and implement data retention policy management systems
PROJ48664,Create data-driven anomaly detection algorithms
PROJ48664,Implement email notification system
PROJ48664,Build anomaly detection and prediction models for data management monitoring
PROJ48664,Refactor legacy codebase for maintainability
PROJ48664,Design and implement data governance policy compliance assessment and reporting approval workflows
PROJ88967,Write unit tests for backend services
PROJ88967,Create user-friendly data breach detection and response dashboards
PROJ88967,Implement automated data privacy compliance policy exception management workflows
PROJ88967,Develop user interface components using React.js
PROJ92349,Develop user-driven data access control policies
PROJ92349,Implement caching mechanism for improved performance
PROJ92349,Develop data lifecycle management workflows
PROJ92349,Design and implement data breach response and recovery procedures
PROJ92349,Build automated data validation and reconciliation processes
PROJ16924,Develop data segmentation and targeting algorithms
PROJ16924,Develop A/B testing framework for experimentation
PROJ16924,Create user-friendly data governance policy compliance assessment and reporting dashboards
PROJ87055,Develop serverless computing solutions
PROJ87055,Develop user registration and profile management system
PROJ87055,Create user-friendly data breach detection and response dashboards
PROJ19780,Optimize application for accessibility compliance
PROJ19780,Design and implement data transformation pipelines
PROJ19780,Implement data encryption and security measures
PROJ19780,Design and implement data quality assessment and improvement workflows
PROJ19780,Develop self-service data exploration and analysis platforms
PROJ71315,Optimize database queries for performance
PROJ71315,Develop real-time data governance policy compliance assessment and reporting dashboards
PROJ71315,Create data validation rules and constraints
PROJ94534,Design and implement user feedback collection system
PROJ94534,Implement role-based access control system
PROJ94534,Develop data lineage visualization and exploration tools
PROJ12436,Implement automated data governance policy compliance assessment and reporting pipelines
PROJ12436,Optimize application for high availability and fault tolerance
PROJ12436,Optimize application for accessibility compliance
PROJ12436,Implement data retention and deletion policies
PROJ12436,Design and implement data governance policy compliance assessment and reporting approval workflows
PROJ98733,Implement real-time data replication across distributed systems
PROJ98733,Implement automated data governance policy compliance assessment and reporting pipelines
PROJ98733,Design and implement data quality assessment and improvement workflows
PROJ98733,Develop user-centric error reporting and resolution workflows
PROJ98733,Design and implement data governance policy management platforms
PROJ18760,Develop real-time data governance policy compliance assessment and reporting platforms
PROJ18760,Design and implement data governance policy compliance assessment and reporting platforms
PROJ18760,Develop real-time data governance policy compliance assessment and reporting dashboards
PROJ18760,Build ETL pipeline for data ingestion
PROJ18760,Build anomaly detection and prediction models for data management monitoring
PROJ92851,Create data-driven data privacy compliance training and awareness programs
PROJ92851,Build automated data access request approval workflows
PROJ92851,Implement user session management and persistence
PROJ92441,Implement real-time data security monitoring and alerting
PROJ92441,Design and implement data governance policy compliance assessment and reporting approval workflows
PROJ92441,Create documentation for APIs and data models
PROJ92441,Create data reporting and visualization tools
PROJ78351,Build anomaly detection and prediction models for data integrity monitoring
PROJ78351,Implement user-driven data access certification workflows
PROJ78351,Build automated data access request approval workflows
PROJ78351,Optimize application for scalability and performance
PROJ78351,Design and implement data privacy compliance policy enforcement mechanisms
PROJ96577,Implement content management system
PROJ96577,Create custom admin dashboard for monitoring
PROJ96577,Build scalable infrastructure using cloud services
PROJ96577,Implement automated data governance policy compliance assessment and reporting pipelines
PROJ96577,Optimize application for high availability and fault tolerance
PROJ78342,Develop user-centric data governance policy management dashboards
PROJ78342,Create data-driven anomaly detection algorithms
PROJ78342,Design and implement user permission management system
PROJ78342,Develop real-time data governance policy compliance assessment and reporting dashboards
PROJ45084,Build data visualization dashboard using D3.js
PROJ45084,Create user-friendly data governance policy compliance assessment and reporting dashboards
PROJ45084,Create data migration scripts for database upgrades
PROJ38564,Design and implement data anonymization and de-identification techniques
PROJ38564,Develop user-driven data access control policies
PROJ38564,Build data migration tooling for seamless upgrades
PROJ38564,Integrate third-party APIs for additional functionality
PROJ38564,Implement automated data governance policy compliance assessment and reporting pipelines
PROJ54018,Implement version control system for source code management
PROJ54018,Design and implement data anonymization and de-identification techniques
PROJ54018,Design and implement data governance policy compliance assessment and reporting platform
PROJ54018,Create data-driven data governance policy recommendation engines
PROJ54018,Implement automated data governance policy compliance assessment and reporting pipelines
PROJ71693,Create user-friendly data governance policy compliance assessment and reporting dashboards
PROJ71693,Automate deployment process using CI/CD pipeline
PROJ71693,Analyze user behavior data for insights
PROJ21022,Build automated data validation and correction mechanisms
PROJ21022,Build real-time data validation and correction pipelines
PROJ21022,Automate deployment process using CI/CD pipeline
PROJ40862,Build automated data validation and correction mechanisms
PROJ40862,Create data validation rules and constraints
PROJ40862,Optimize application for accessibility compliance
PROJ40862,Design and implement data aggregation pipelines
PROJ21755,Write unit tests for backend services
PROJ21755,Build real-time data validation and correction pipelines
PROJ21755,Implement user-friendly data import and export features
PROJ21755,Write unit tests for backend services
PROJ51051,Implement real-time data replication across distributed systems
PROJ51051,Design and implement data storage solutions
PROJ51051,Design and implement data governance policy compliance assessment and reporting approval workflows
PROJ45399,Build anomaly detection and prediction models for data privacy monitoring
PROJ45399,Develop user interface accessibility features
PROJ45399,Design and implement data retention policy enforcement mechanisms
PROJ24873,Build automated data governance policy compliance assessment and reporting pipelines
PROJ24873,Develop data usage tracking and reporting capabilities
PROJ24873,Create user-friendly data privacy compliance dashboards
PROJ24873,Write unit tests for backend services
PROJ92678,Implement data provenance tracking for compliance and auditing
PROJ92678,Implement data encryption and security measures
PROJ92678,Develop data privacy compliance regulatory compliance and certification frameworks
PROJ55873,Develop real-time data governance policy compliance assessment and reporting platforms
PROJ55873,Develop microservices architecture
PROJ55873,Develop user interface components using React.js
PROJ82628,Develop user engagement measurement metrics
PROJ82628,Optimize application for scalability and performance
PROJ82628,Design and implement data storage solutions
PROJ82628,Implement data encryption and security measures
PROJ67952,Design and implement data encryption at rest
PROJ67952,Develop natural language processing algorithms
PROJ67952,Create data-driven anomaly detection algorithms
PROJ67952,Design and implement data masking and obfuscation techniques
PROJ97762,Develop user engagement measurement metrics
PROJ97762,Build automated data quality exception handling workflows
PROJ97762,Implement real-time data access monitoring and logging
PROJ97762,Implement feature toggle system for controlled rollouts
PROJ34548,Design and implement data classification system
PROJ34548,Implement user-friendly data breach response and recovery coordination workflows
PROJ34548,Develop real-time data governance policy compliance assessment and reporting approval workflows
PROJ34548,Train machine learning model for sentiment analysis
PROJ62292,Create user-friendly data governance policy compliance assessment and reporting dashboards
PROJ62292,Build automated data classification and tagging systems
PROJ62292,Develop data privacy compliance regulatory compliance and certification frameworks
PROJ62292,Build anomaly detection and prediction models for data management monitoring
PROJ80178,Create data lineage and audit trail mechanisms
PROJ80178,Implement automated data privacy impact assessment and mitigation workflows
PROJ80178,Optimize application for high availability and fault tolerance
PROJ51477,Develop real-time data governance policy compliance assessment and reporting platforms
PROJ51477,Build automated data validation and reconciliation processes
PROJ51477,Optimize application for mobile performance
PROJ81253,Design and implement data access logging and auditing
PROJ81253,Build anomaly detection and prediction models for data management monitoring
PROJ81253,Design and implement logging and monitoring system
PROJ75213,Develop user interface components using React.js
PROJ75213,Build scalable infrastructure using cloud services
PROJ75213,Develop real-time collaboration features
PROJ75213,Design and implement continuous integration workflow
PROJ59753,Implement real-time data security monitoring and alerting
PROJ59753,Implement file upload and storage functionality
PROJ59753,Optimize application for mobile performance
PROJ59753,Develop real-time collaboration features
PROJ59753,Implement continuous monitoring and alerting
PROJ43743,Create data lineage and audit trail mechanisms
PROJ43743,Develop data lineage visualization and exploration tools
PROJ43743,Integrate payment gateway for e-commerce functionality
PROJ69052,Design and implement data governance policy compliance assessment and reporting approval workflows
PROJ69052,Develop API documentation using OpenAPI specification
PROJ69052,Build authentication and authorization service
PROJ51986,Design and implement data privacy compliance policy enforcement mechanisms
PROJ51986,Build automated data validation and reconciliation processes
PROJ51986,Build integration tests for system components
PROJ65221,Build integration tests for system components
PROJ65221,Develop data privacy impact assessment and mitigation planning tools
PROJ65221,Implement data backup and disaster recovery measures
PROJ23415,Implement automated data governance policy compliance assessment and reporting dashboards
PROJ23415,Build automated regression testing suite
PROJ23415,Build ETL pipeline for data ingestion
PROJ23415,Design and implement user role management system
PROJ17750,Implement data retention and deletion policies
PROJ17750,Design and implement data governance policy compliance assessment and reporting approval workflows
PROJ17750,Refactor legacy codebase for maintainability
PROJ17750,Implement data replication and synchronization
PROJ81762,Develop data lineage visualization and exploration tools
PROJ81762,Create user-friendly data governance policy compliance assessment and reporting dashboards
PROJ81762,Design and implement data governance policy compliance assessment and reporting platform
PROJ81762,Create data lineage and audit trail mechanisms
PROJ29219,Design and implement user feedback collection system
PROJ29219,Implement email notification system
PROJ29219,Develop data governance policies and procedures
PROJ29219,Build automated data classification and tagging systems
PROJ90277,Develop data quality monitoring and reporting capabilities
PROJ90277,Develop data usage tracking and reporting capabilities
PROJ90277,Create user-friendly data governance policy compliance assessment and reporting dashboards
PROJ90277,Implement user authentication
PROJ90277,Design and implement data aggregation pipelines
PROJ48701,Create data-driven risk assessment and mitigation strategies
PROJ48701,Build anomaly detection and prediction models for data governance monitoring
PROJ48701,Build recommendation system based on user preferences
PROJ48701,Build automated data breach detection and notification workflows
PROJ48701,Implement content management system
PROJ46796,Implement data retention and deletion policies
PROJ46796,Design and implement data classification system
PROJ46796,Optimize application for mobile performance
PROJ36514,Implement automated data governance policy compliance assessment and reporting pipelines
PROJ36514,Implement real-time data access monitoring and logging
PROJ36514,Implement data retention and deletion policies
PROJ48132,Create data-driven data privacy compliance training and awareness programs
PROJ48132,Optimize application for accessibility compliance
PROJ48132,Implement error handling and logging
PROJ48132,Create documentation for APIs and data models
PROJ48132,Build scalable infrastructure using cloud services
PROJ30823,Implement OAuth 2.0 authentication
PROJ30823,Develop A/B testing framework for experimentation
PROJ30823,Create batch processing system for large datasets
PROJ81077,Design and implement event-driven architecture
PROJ81077,Develop user-centric data privacy compliance training modules
PROJ81077,Build ETL pipeline for data ingestion
PROJ81077,Build real-time data validation and correction pipelines
PROJ25155,Build data validation and cleansing toolset
PROJ25155,Create data migration scripts for database upgrades
PROJ25155,Implement version control system for source code management
PROJ93481,Integrate payment gateway for e-commerce functionality
PROJ93481,Build anomaly detection and prediction models for data management monitoring
PROJ93481,Implement real-time data anomaly detection and response mechanisms
PROJ93481,Develop real-time collaboration features
PROJ93481,Design and implement data storage solutions
PROJ78993,Design and implement user role management system
PROJ78993,Create data-driven anomaly detection algorithms
PROJ78993,Build data visualization dashboard using D3.js
PROJ78993,Create data access control mechanisms
PROJ78993,Create data-driven risk assessment and mitigation strategies
